-1.35626430017487e-17,-1.38425237667971e-17,0,-1.87205922622531e-17,-1.25467687170536e-17,-1.24951323512769e-17,1.87131377667763e-17,6.23915902705261e-18,-6.23981802234168e-18,6.23926902154029e-18,6.23873974400944e-18,1.24761630236332e-17,1.24739444699165e-17,-6.23535202292778e-18,-6.23325171745038e-18,0,-6.22778570464095e-18,6.22453903089834e-18,-1.24420825542768e-17,1.24347209516205e-17,1.2427107676441e-17,-1.86290129595367e-17,1.24114931786155e-17,6.20180657774783e-18,1.23957250899638e-17,2.47756787391045e-17,-1.23799442163983e-17,6.18601173976823e-18,-1.23640496569843e-17,6.17800183645181e-18,3.08696773419175e-17,-1.23396607254086e-17,-1.23314004943901e-17,0,3.07873726755859e-17,-6.15342681768208e-18,0,-2.45812835773707e-17,-1.22818756133932e-17,1.22716724143166e-17,6.12931744917477e-18,-6.12038198676538e-18,-1.22148885456967e-17,0,6.06206639021482e-18,-6.01769280819635e-18,0,-1.19099919672703e-17,0,0
0,0.0626906834801679,0.0405240402345491,0.0170054239022992,0.0106013120962319,0.00758559806265615,0.00526015210322604,0.00384040107906077,0.00296620407673703,0.00231414354409785,0.00181228747414991,0.00144290834443745,0.0011759603150083,0.000982463127296502,0.000843078729147533,0.000743060787460474,0.000671609138288875,0.000619429664118343,0.000580461434267182,0.00054926114413053,0.000522902588464263,0.000498238255231822,0.000474127967362377,0.000448654216434459,0.000421575939230769,0.000391569467215674,0.000358764896560502,0.0003220606530321,0.000281559565523431,0.00023602188848757,0.000185045881198288,0.000126785532206775,5.97858026787257e-05,-1.88679469710959e-05,-0.000112166873260291,-0.000224568677179817,-0.000361435376757094,-0.00053030441777844,-0.000741991546847568,-0.00101276205125975,-0.00136793475220632,-0.00185259569553453,-0.00253932752206577,-0.00349675463586991,-0.00510153257250467,-0.00852617909276364,-0.0122517879557185,-0.0282717589044335,-0.0417859239754772,1.06439030361113e-17
1.29543991912267e-17,0.0593561454325446,0.0620974845840307,0.0439382972949659,0.0316163605005647,0.0228647784275061,0.0169058044535025,0.0128564835994365,0.0100038992524258,0.0079005064528104,0.00631684693650324,0.00511865902730037,0.00420992691496056,0.00351804269712115,0.00298827607031481,0.00257956583093683,0.00226066753599447,0.00200804810430292,0.0018037394151419,0.00163434642185845,0.00148957209387853,0.0013618287013066,0.00124514702429957,0.00113519021453863,0.00102837285708553,0.00092212657535613,0.000814090621625419,0.00070249125324564,0.000585285941415623,0.00046053802520449,0.000325428441367177,0.000176536980039856,8.64174229040687e-06,-0.000185242412656951,-0.000415540979337183,-0.000696830254288048,-0.00105079645786239,-0.00150889240195563,-0.00211820766430184,-0.00294865489011679,-0.0041045366028486,-0.00574721045225711,-0.008133651448961,-0.0116419999143099,-0.0170107765201717,-0.0263751899827985,-0.0390304736851008,-0.0607145979447802,-0.0658832850236139,-1.71400875676003e-17
1.90993130413697e-17,0.0483019726528821,0.0623331069618048,0.0565265238131714,0.0462561980015477,0.0366233353250727,0.0289346963380841,0.0229184105442322,0.0183067165269691,0.0147695810658644,0.0120313306791404,0.00989923897011599,0.00823451537831365,0.00692990443519854,0.00590103648536648,0.0050827956762597,0.00442476866025506,0.00388856246264603,0.0034444432768086,0.00306995659354318,0.00274748549498817,0.00246375133107107,0.00220800647609745,0.0019721468610223,0.00174927857047539,0.00153417109280608,0.00132198116440432,0.00110882084841148,0.000890470385628954,0.00066286444150378,0.00042064126646407,0.000157323214173821,-0.000136549435429265,-0.000474001307484353,-0.000874570001614347,-0.00136674619569321,-0.00199346660680328,-0.00281839086664395,-0.00393622106255181,-0.00548600043323706,-0.00766986683610048,-0.0107792989619227,-0.0152439398917607,-0.0217186793996666,-0.0310150413047722,-0.0444388492431179,-0.0610937075631391,-0.0755144977278558,-0.0664173750363501,1.76471880688645e-17
1.89423846631111e-17,0.0388625679391026,0.0563109022774471,0.0581105423862876,0.0524976152785177,0.0448849192216256,0.0374506369722182,0.0309315772811076,0.0255099749247449,0.0210898276468589,0.0175187015260908,0.0146462074518144,0.0123381491857218,0.0104804932151291,0.00897876502290861,0.00775652882709561,0.00675243374008832,0.00591825897025541,0.00521592277158711,0.00461589450628944,0.00409473444334812,0.00363421958942972,0.00321953563502849,0.00283899662904749,0.00248270807011831,0.00214262024140537,0.00181144180315807,0.00148276766615547,0.0011500378941874,0.000806480769736443,0.000443876807951393,5.1945448728576e-05,-0.000383558432598545,-0.000882809416370435,-0.00147559536328957,-0.00220627157963654,-0.00314120416303715,-0.00437896213050202,-0.00606341808997945,-0.00840046378676619,-0.0116771039140823,-0.0162815941209597,-0.0227140891603684,-0.0315998957392322,-0.0434497225742253,-0.0579311564417174,-0.0725136106911739,-0.0779134169773328,-0.0587273877272114,-1.78761516163783e-17
0,0.0317044139321669,0.0492701030228302,0.0547465635113183,0.0530877666566682,0.0480947863975803,0.0420017402977221,0.0359997660391582,0.0305778263629292,0.0258890909718403,0.0219319821127725,0.0186350103926506,0.0159052460494805,0.0136494020042936,0.0117819863658221,0.0102289289075282,0.00892799651219648,0.00782832216192706,0.00688857098213986,0.00607567358379041,0.0053628770448443,0.00472875935735335,0.00415569330621748,0.00362928286168106,0.00313724436954509,0.0026691058583357,0.002215351377649,0.0017671444418797,0.00131553307177402,0.000850896758935289,0.000361898861949365,-0.000165858379605955,-0.000751821198743242,-0.00142372485381021,-0.00222200243632952,-0.00320688396178556,-0.00446729126829801,-0.0061334246948918,-0.00839013290766036,-0.0114915344950307,-0.0157697648301584,-0.0216324124509934,-0.0295147958780418,-0.039737048346992,-0.0521677094990583,-0.0652459517029879,-0.0750500590925697,-0.0734522020199359,-0.0502524272415262,6.02162886322753e-18
-6.26711178666309e-18,0.0263324357598128,0.0427549550223394,0.049872045554599,0.0507483979899563,0.047968055595138,0.0434601021849229,0.0384183120218307,0.0334849766466028,0.0289740273316189,0.0249997686268033,0.0215713833233968,0.0186483130726713,0.0161695143551171,0.0140693706050863,0.0122857076556314,0.0107631903468137,0.00945437266988118,0.00831937435958935,0.00732513392819041,0.00644427590090584,0.0056541581221814,0.00493582994107951,0.00427327236410721,0.00365261792080077,0.00306155301030309,0.0024887274737112,0.00192313937911702,0.00135355009625113,0.000767543983050546,0.000150575846870301,-0.000515911870078891,-0.00125667084291351,-0.00210677252225216,-0.00311668879054723,-0.00436057529120465,-0.00594577419843506,-0.00802521363021357,-0.0108078745084581,-0.0145653631147958,-0.0196222732071125,-0.0263170159153361,-0.0348997180095735,-0.045298083401811,-0.056729211612943,-0.0670363288040556,-0.072038900948161,-0.0658117632153281,-0.0423362279060903,-6.06367620288274e-18
0,0.0222045817058353,0.0371056957533381,0.0447926263889343,0.0471460580549036,0.0459992379145391,0.0428903877473345,0.0388792438493129,0.0346383746368404,0.0305487353536598,0.0267964095907803,0.0234513395833361,0.0205180878072871,0.0179680177928397,0.015758563619216,0.013843532470274,0.0121785534767475,0.0107234017624418,0.00944287643052668,0.00830665127514991,0.00728886968934678,0.00636742738036386,0.00552336332891231,0.0047401208692505,0.00400301591713725,0.00329855466324405,0.00261397624750216,0.00193651207461525,0.00125284219867406,0.000548004401977467,-0.000195643751582521,-0.00100052904236348,-0.00189634358452139,-0.00292449583767172,-0.0041436238399581,-0.00563784306997453,-0.00752567337320021,-0.00996965423225574,-0.0131809913495821,-0.0174139803984703,-0.0229364514620164,-0.0299584797857811,-0.0384949263601228,-0.048128989879704,-0.0576685115296151,-0.0648264050068362,-0.0660219178026008,-0.0572434534160378,-0.0352894728694168,-1.2181082049557e-17
6.24451866278704e-18,0.0189520520048356,0.0323345520114509,0.040024989368188,0.0431954740162378,0.0431754458002973,0.0411675635812618,0.0380838420205612,0.0345561253097013,0.0309767270600948,0.0275662842084802,0.0244314307395411,0.021609163637234,0.0190974628334942,0.016874604069948,0.0149102899355546,0.0131720538769221,0.0116283650202506,0.0102502290207664,0.00901159278561894,0.00788943886611307,0.00686340726483735,0.00591547752712784,0.00502940979587231,0.00419034440153476,0.00338420540497596,0.00259725907146947,0.00181541776998052,0.00102362005930848,0.00020477122572105,-0.000661465934602576,-0.00160074233785376,-0.00264674546982827,-0.00384547534531422,-0.00526071699508357,-0.00698116570934286,-0.00912751162463929,-0.0118574683827152,-0.0153631121619433,-0.0198528556964286,-0.0255060907177532,-0.032385884682216,-0.0402962101784656,-0.0485882397726406,-0.0559362320170073,-0.0602379670643719,-0.0587752439390378,-0.0489800656396821,-0.0292566845036128,1.22187537421597e-17
6.23736843939641e-18,0.0163379364564447,0.0283297086460209,0.0357422160031709,0.0393250632495559,0.040050974743367,0.0388692416133208,0.0365547614446019,0.0336747684320473,0.0306059450595499,0.0275772759243192,0.0247131447138463,0.0220707912908537,0.0196672649613394,0.0174973644665584,0.0155445190907489,0.0137872584012972,0.0122026319959917,0.0107681463771536,0.00946256240580042,0.00826629899838636,0.00716137072483319,0.0061312709457013,0.00516062724616221,0.00423488775313142,0.00333986314660445,0.00246127936906148,0.00158418172198212,0.000692239905700773,-0.000233211649175354,-0.00121449511974136,-0.00227948680338143,-0.00346435595756616,-0.0048173045818485,-0.00640341709446955,-0.00830993923857213,-0.0106506178378845,-0.0135656043417278,-0.017211890813696,-0.0217361297318302,-0.0272213041598801,-0.0335991436671598,-0.0405273666696937,-0.0472521962964115,-0.0525056756733231,-0.0545378196426121,-0.0514095542057788,-0.041558073359394,-0.0242262989026774,-6.12295151506363e-18
-1.24636951698134e-17,0.0142115709951898,0.0249757575258801,0.0319929903315658,0.0357433721689612,0.0369481422136888,0.0363695709323331,0.0346645654746094,0.032335368411706,0.0297311798359866,0.0270747534707659,0.0244959861471093,0.0220628059488594,0.0198044921929806,0.0177277627105413,0.0158267866567749,0.0140892438150214,0.0124997214263685,0.0110417144907035,0.00969863524579532,0.00845438849450432,0.00729354303584521,0.00620135843590319,0.00516362363236999,0.00416642199602478,0.00319580272631745,0.00223735318160831,0.00127570259100699,0.000293812211075911,-0.000727869458824546,-0.00181271558639918,-0.00298956976609147,-0.00429523882420109,-0.00577748333693138,-0.00749879077410994,-0.0095395320027609,-0.01199929216018,-0.0149922798369976,-0.0186326829562429,-0.0230029954387456,-0.0281007426788813,-0.0337613410829916,-0.0395662316830102,-0.0447603281949957,-0.0482320504697976,-0.0486156597308995,-0.0445701879773144,-0.0351787142232878,-0.0201202306166718,6.13281235538075e-18
-1.24550803780163e-17,0.0124583839375248,0.0221534344812726,0.0287398536373259,0.0325118574107839,0.034013664553149,0.0338680482033283,0.0326357054270205,0.0307603264940442,0.0285599119007653,0.0262441301910972,0.0239409653912207,0.0217224258177901,0.0196247963449503,0.017662779364942,0.0158384214133049,0.0141465543148881,0.0125779533683176,0.0111212399179944,0.00976396245262427,0.00849325185740724,0.00729614189910817,0.00615970047655341,0.00507100423120415,0.00401698291326804,0.00298419482349707,0.00195845183295815,0.000924411171431779,-0.000135080635287427,-0.00123971004976857,-0.00241286864799866,-0.00368300241172309,-0.00508564975564406,-0.00666558860316103,-0.00847931847136676,-0.0105962141155142,-0.0130972077905792,-0.0160670865695869,-0.0195772734042813,-0.0236540090293891,-0.0282307589191348,-0.0330866825574318,-0.0377847191006325,-0.0416327098973719,-0.0437075322585498,-0.0429788562771528,-0.0385312985721072,-0.0298388363746328,-0.0168117397707845,-1.84204383036141e-17
-6.22418596460016e-18,0.0110008333414728,0.0197748819900872,0.025937916719375,0.0296488445715343,0.0313250761449095,0.0314848594430648,0.0306129288499985,0.0291027385081661,0.0272421688889884,0.0252253672337835,0.0231743936245951,0.021161201438108,0.0192253516025744,0.0173864082492621,0.0156518069210658,0.0140216329668695,0.0124914432954638,0.0110539939558983,0.00970029719346416,0.00842029470120333,0.00720325574836808,0.00603798042582666,0.00491286523062445,0.00381582338197669,0.00273414059529502,0.00165417657152906,0.00056103845298537,-0.000561968756703004,-0.00173393013031408,-0.00297726958025893,-0.0043187729072824,-0.00579107135645658,-0.00743397379107856,-0.00929571003349897,-0.0114324887096327,-0.0139052799511426,-0.0167705406163175,-0.0200626789009083,-0.0237650748788254,-0.0277706912305546,-0.0318365281569278,-0.0355454788321554,-0.0382957441291717,-0.0393433287207267,-0.0379175622820339,-0.0333903642081667,-0.0254647199995029,-0.0141746861520898,0
1.86648569778121e-17,0.00977483055873012,0.0177556579692654,0.0235199238550075,0.0271242106923665,0.0288926285973977,0.0292647592214779,0.0286657093976392,0.0274468013540702,0.0258686295631109,0.0241094409279555,0.0222834405294993,0.0204600747666977,0.0186796875839952,0.0169644484220074,0.0153252540672904,0.0137658746131425,0.0122854160446504,0.0108798464133463,0.00954297715040811,0.00826711756431923,0.00704350229839168,0.00586253992277406,0.00471393608094698,0.0035866806025056,0.00246896753185824,0.00134798288069964,0.000209660017939498,-0.000961734677639513,-0.00218404177650621,-0.00347789299966276,-0.00486740199743502,-0.00638108833324376,-0.00805249889143723,-0.00992043225994934,-0.0120274181530306,-0.0144154597014072,-0.0171165349314018,-0.0201363961683675,-0.0234299896837113,-0.0268705518734105,-0.0302174881048512,-0.0330946450308534,-0.0349944146871377,-0.0353235430716864,-0.0334996656157217,-0.0290810113113465,-0.0219029531636505,-0.0120677715526279,0
1.24394587565577e-17,0.00873791369458526,0.0160378883966557,0.0214371621436773,0.0249123775087287,0.0267176831363456,0.0272333900134585,0.0268380659592199,0.0258485075442653,0.0245015739062673,0.0229604811231126,0.0213309660752973,0.0196786140802557,0.0180429206042886,0.0164470274323172,0.014903793112982,0.0134193844359205,0.0119954015816993,0.0106302042804355,0.00931979357710013,0.00805842372234113,0.0068390265232198,0.00565348153203944,0.00449277277494822,0.00334702903984801,0.0022054974443141,0.00105641552743071,-0.0001131498219566,-0.00131757487750028,-0.00257296493509252,-0.00389757541073106,-0.00531219407615803,-0.00684057933227036,-0.00850953385610558,-0.0103484212657614,-0.012387079946628,-0.014651276227496,-0.017153903525989,-0.0198809761379534,-0.0227717173646023,-0.0256950078828129,-0.0284270580699127,-0.0306395599188593,-0.0319093917272568,-0.0317601699193927,-0.0297399448946386,-0.0255237481330071,-0.0190230624491192,-0.0103826929151125,6.15329168265443e-18
0,0.00785265472393223,0.0145654783902237,0.0196336587639333,0.0229698388822742,0.0247749622457823,0.025384319156261,0.0251400083361402,0.0243306277240828,0.0231726163645482,0.0218154266828509,0.0203563447788829,0.018856424991991,0.0173533261220407,0.0158700733540041,0.0144204242346012,0.0130119841945628,0.0116480309365596,0.0103286568555961,0.00905154705340632,0.00781253739352968,0.00660601769750142,0.00542520610133979,0.00426232343213802,0.00310867278936245,0.00195465833783273,0.000789732723049961,-0.000397682513909557,-0.00162033693669465,-0.00289228859125436,-0.00422909060923238,-0.00564790748164285,-0.00716757163616251,-0.00880827355656703,-0.0105906620553806,-0.0125335942763681,-0.0146498356121324,-0.0169384751523236,-0.0193734164721324,-0.0218877369996802,-0.0243559093819108,-0.0265779497749413,-0.0282725619373394,-0.0290872712516051,-0.0286328278911463,-0.0265455779707973,-0.0225724868567717,-0.016668831331596,-0.0090114097804972,0
6.2176954978207e-18,0.00709510491551001,0.0133024235767132,0.0180732362691365,0.0212682688145892,0.0230479677810302,0.0237135011093306,0.0235785546764292,0.0229089024038585,0.0219036845418797,0.020700078791451,0.0193873233567006,0.0180216963307238,0.0166384243246538,0.0152596644664604,0.0138992909148775,0.0125656131101045,0.011262942686834,0.00999257304607431,0.00875345662251647,0.00754270303761131,0.00635594991241508,0.00518762812597797,0.00403114225849296,0.00287897671742252,0.00172275159419911,0.000553232797880225,-0.000639673602831144,-0.00186694819881507,-0.0031404652576038,-0.00447299039579552,-0.00587809001379686,-0.00736992347708387,-0.00896270803380067,-0.010669650454076,-0.0125008169175751,-0.0144593908243639,-0.0165354667915116,-0.0186968936468239,-0.0208771099626801,-0.0229614822126269,-0.0247753031927429,-0.026078775739336,-0.0265751307879194,-0.0259377791813509,-0.0238612498351942,-0.02013578869842,-0.0147422903564312,-0.00788693041340446,-1.23148270418697e-17
0,0.0064426368850551,0.0122125360241743,0.0167157639970906,0.0197709926269574,0.0215080420670057,0.0222022141303743,0.0221449349355508,0.0215833525856282,0.0207018681851304,0.0196267234037652,0.0184396189676778,0.017192054641648,0.0159165265285235,0.0146338739872032,0.0133575810061407,0.0120961591114512,0.0108544950875883,0.00963468902791114,0.00843663931385544,0.00725848108256235,0.00609692025283689,0.00494748196843281,0.00380468955903749,0.00266218701397046,0.00151282365340509,0.00034871324953656,-0.000838709934962513,-0.0020586288250507,-0.00332074617687175,-0.00463514256849347,-0.00601203842932133,-0.0074614210283616,-0.00899240114789699,-0.0106121365502322,-0.012323969789832,-0.0141243630535263,-0.0159980251590254,-0.0179108010607136,-0.019800221608181,-0.0215646847455286,-0.0230535755754596,-0.024062356459095,-0.0243377183006176,-0.0235982961556436,-0.0215771269380853,-0.018090216611074,-0.0131336660311055,-0.00694252617736209,0
0,0.00588142613586244,0.0112739276028108,0.0155371094643351,0.0184561321384094,0.0201383648373363,0.0208398850136231,0.0208348316911763,0.0203552052481794,0.0195728849770975,0.0186044283664637,0.0175245731694516,0.0163801729439065,0.0152008556842194,0.0140058570518002,0.0128079187110066,0.0116153903309237,0.0104333915849663,0.00926452704085718,0.00810938687061783,0.00696692702188881,0.00583476433874975,0.0047094033300728,0.00358640817058689,0.00246053339204657,0.00132582906897274,0.000175735510592752,-0.000996813830673281,-0.00219926588415502,-0.00343927592166608,-0.00472447383574657,-0.00606213638168414,-0.00745873279389726,-0.00891926384524879,-0.0104462809713501,-0.0120383568677186,-0.0136876930862397,-0.0153764026942574,-0.0170710362385386,-0.0187151138511317,-0.020220147042141,-0.021456754220321,-0.0222490132021369,-0.0223765606643665,-0.0215900353204486,-0.0196473887894903,-0.0163791742920934,-0.011790680258488,-0.00614641330331884,0
0,0.0053975620839495,0.0104633675892057,0.0145098868381502,0.0172966092117193,0.0189153503712866,0.0196082146184141,0.0196358691056805,0.019217808806289,0.0185150888106426,0.0176355805224437,0.01664757324105,0.0155934697612281,0.01450002357058,0.0133847390924487,0.0122594224040159,0.0111320401971849,0.0100077210189855,0.00888936259039613,0.00777805720447163,0.00667341785507753,0.00557383566364701,0.00447668348937812,0.0033784778112732,0.00227501170563136,0.00116147287646152,3.25617452142259e-05,-0.00111737399812318,-0.00229417191636739,-0.00350363652893308,-0.00475125418574752,-0.00604182132291474,-0.00737896509962694,-0.00876451493554261,-0.010197656098898,-0.0116737225288388,-0.0131823945941851,-0.014704927137238,-0.0162099583320358,-0.0176475109547536,-0.0189412597212751,-0.0199800855910603,-0.0206114108537242,-0.0206404674357115,-0.0198413485490884,-0.0179885664882205,-0.014920366725355,-0.0106470968480316,-0.00546200183818461,0
-6.21950493839353e-18,0.00498315291785226,0.00976767536485221,0.0136186569250856,0.0162773211344866,0.0178260572199774,0.0184974199834205,0.0185417566027141,0.0181682351744897,0.017528507225133,0.0167226276112293,0.0158129216372817,0.0148375629352052,0.0138204785422227,0.0127773814874803,0.0117190207340202,0.0106528287912377,0.00958378227745722,0.00851491362763932,0.00744766799844708,0.00638217895923665,0.00531748973985823,0.00425173326156647,0.00318228175302745,0.00210587747250827,0.0010187567886236,-8.32188075906762e-05,-0.00120441042801882,-0.00234921311471095,-0.00352181610801676,-0.00472589899951394,-0.00596425279307164,-0.00723831654325318,-0.00854761400206639,-0.00988905576460332,-0.0112560201321124,-0.0126370345686422,-0.0140137333952424,-0.0153576202814085,-0.0166251123255977,-0.0177506180349745,-0.018638209332563,-0.0191538987260606,-0.0191224431893273,-0.0183348037064961,-0.0165759972418541,-0.0136871999732177,-0.00968079946677944,-0.00487755161890252,6.15702562268831e-18
6.22106333596149e-18,0.00462969337505306,0.00917177548347982,0.0128448322479864,0.0153790416279453,0.0168528029018626,0.017492743781304,0.0175413311054981,0.0171990205522835,0.0166090920498334,0.0158644308671751,0.0150217925275263,0.0141153433305549,0.0131662851535251,0.0121885578530469,0.0111918163441925,0.0101828868432326,0.00916650058941397,0.00814571950122319,0.00712223138187061,0.00609657997311922,0.00506835307295941,0.00403634015158134,0.00299866886399482,0.00195293036339326,0.000896303881082755,-0.000174307880930435,-0.00126212039943866,-0.0023702731923223,-0.00350158805188481,-0.00465826988663697,-0.00584154477508056,-0.00705123416510786,-0.00828526518126649,-0.00953910583978842,-0.0108050752344543,-0.0120713933100013,-0.0133206849791539,-0.0145274605966862,-0.0156539512631007,-0.0166438013983948,-0.0174137901335846,-0.0178451692612522,-0.0177783196914835,-0.0170170842140132,-0.0153533748442658,-0.0126281848555202,-0.00885308381188522,-0.00437329632514896,1.23104796059957e-17
-1.24460779761526e-17,0.00433287769510634,0.00866770123709645,0.0121786318116052,0.0145918302907967,0.0159866507544317,0.0165869302654185,0.016629309327669,0.0163068681719292,0.0157553748817728,0.0150611046832617,0.0142756052598682,0.0134292540936762,0.0125406393597484,0.011621963168507,0.0106817713651511,0.00972623676219216,0.00875977774575267,0.00778540509196354,0.00680496021030478,0.00581930294031027,0.00482846883319327,0.00383180537686986,0.00282809485469596,0.00181567186108595,0.000792543977717541,-0.000243475086901989,-0.00129461006845307,-0.00236293619008032,-0.00345014947691876,-0.00455728854950997,-0.0056844060858317,-0.00683019399538235,-0.00799157073866779,-0.00916323343668386,-0.0103371471776509,-0.0115018657727452,-0.0126414288098817,-0.0137333612223487,-0.0147450899210599,-0.0156280931322247,-0.0163096324415477,-0.0166832795249863,-0.0166017195877418,-0.0158783649468353,-0.0143090952317227,-0.0117322046863498,-0.00815581636390735,-0.00394588761251317,0
0,0.0040873829565437,0.00824512413189509,0.0116068874583424,0.0139017414837092,0.0152144175009109,0.0157685676722345,0.0157965883872181,0.0154851360224857,0.0149630540591042,0.014310405555099,0.0135738187638976,0.0127800868643181,0.0119453165890716,0.0110800454173585,0.0101917379906649,0.00928590777474767,0.00836662877013115,0.00743680945549754,0.00649837880497262,0.00555243572464479,0.00459937842518243,0.00363902091754044,0.00267070234562686,0.00169339518618793,0.000705818816512467,-0.000293434448721105,-0.0013057533130311,-0.00233233368862468,-0.00337397023484324,-0.00443080860269689,-0.0055020582643503,-0.00658567173516218,-0.00767800143376402,-0.00877344320953304,-0.00986405243504383,-0.0109390505660727,-0.0119839986017432,-0.0129791855856795,-0.0138965184049409,-0.0146940894814348,-0.0153079849459807,-0.0156421653875594,-0.0155596284296016,-0.014881483384419,-0.0134058719638886,-0.0109665659544919,-0.00756544083838145,-0.00358392687743011,-1.2299720819895e-17
0,0.00389083613082182,0.00789893589704559,0.0111232218438869,0.0133023264890201,0.0145303108875292,0.0150328974470415,0.0150395754490121,0.0147313729454241,0.0142307188800514,0.0136118380614681,0.0129167270064675,0.0121688012616769,0.0113818160579478,0.0105647117383553,0.00972389456386697,0.00886421118147135,0.00798936254997896,0.00710211022360309,0.00620441332190285,0.00529754186774828,0.00438217989421229,0.00345852311743101,0.0025263746764308,0.00158524284556698,0.00063444518050512,-0.000326775896460507,-0.00129912068133806,-0.00228307741398385,-0.00327874024285552,-0.00428559681292637,-0.00530228596519497,-0.00632633116600004,-0.00735386045984982,-0.00837932339374928,-0.00939519765228516,-0.01039162037335,-0.0113557496007583,-0.0122704346815129,-0.0131114792073397,-0.0138425748837527,-0.014407219053108,-0.0147180758023286,-0.0146466789072271,-0.0140201360942307,-0.012637298529678,-0.0103257647491206,-0.00707843724338235,-0.00328645399297338,-1.22927306387547e-17
-6.23125145904673e-18,0.00373928535835675,0.00762098033473822,0.0107171957232884,0.0127825312964034,0.0139238212914582,0.014370698467611,0.0143507261239564,0.0140398146717316,0.0135542967238673,0.0129628259183306,0.0123030091220915,0.0115950832901199,0.0108505951642316,0.0100769777607866,0.00927962626571071,0.00846273585814579,0.00762962544133669,0.00678288136052994,0.00592444897926646,0.0050557127325617,0.00417757503597986,0.00329053637130537,0.0023947777325328,0.00149024722033432,0.000576753293707904,-0.000345932207171762,-0.00127795777591048,-0.0022192590426607,-0.00316940533305725,-0.00412742374758655,-0.00509160088494222,-0.00605926602067805,-0.00702656364975436,-0.00798822387397564,-0.00893732636981923,-0.00986500720478611,-0.0107599446262893,-0.0116072443422871,-0.0123860292300487,-0.0130647463926219,-0.0135932767169384,-0.0138919182041203,-0.0138397624172681,-0.0132690638423374,-0.0119785314008146,-0.00978832496938505,-0.0066795349039208,-0.00304621848529897,-6.14241175562408e-18
-6.23462709489067e-18,0.00363093230511929,0.00740733741122318,0.010384235423975,0.0123380769673082,0.0133913911446669,0.0137792538882079,0.0137281015748603,0.0134091582476669,0.012932980432416,0.0123629597535736,0.0117325988191661,0.0110591793936509,0.0103521856244956,0.00961762126610996,0.00885990022260005,0.00808256516811665,0.0072885323850923,0.00648017898518267,0.00565939199454537,0.00482761648672408,0.00398591091411459,0.00313500978597435,0.00227539257701113,0.00140735854504551,0.00053110805485728,-0.000353168196429434,-0.00124519020553952,-0.00214447781233175,-0.00305022582481747,-0.00396116333846939,-0.00487539657642908,-0.00579023670058063,-0.0067020167694365,-0.00760590280674329,-0.00849569510744505,-0.00936357982514956,-0.010199695091613,-0.0109911769647429,-0.0117200263944114,-0.0123587731060728,-0.012862823239902,-0.0131591738768668,-0.0131335825351138,-0.012622647923796,-0.0114241335947107,-0.00934959928826805,-0.00636560330833441,-0.00286212307235703,1.84142010363653e-17
6.2382300063278e-18,0.00356160382229589,0.00724997034563535,0.0101144435423856,0.0119587003078252,0.0129233659161673,0.0132501149713239,0.0131647342274291,0.0128339480900986,0.0123627084186455,0.0118093829551469,0.0112036338843495,0.0105600173901149,0.00988612079219141,0.00918662093405204,0.00846500306057608,0.00772417482270906,0.00696664307534107,0.00619455168832065,0.00540969248699519,0.00461352408327175,0.00380720505320852,0.00299163984156809,0.0021675341634241,0.00133545768432165,0.000495912817669455,-0.000350590432349096,-0.00120345309847552,-0.00206189837292264,-0.00292487388548169,-0.00379094342927529,-0.00465816631440737,-0.00552396306766442,-0.00638496742073856,-0.0072368652036408,-0.00807421533351114,-0.00889022208782456,-0.00967635048582532,-0.0104214988873732,-0.0111101200939745,-0.0117182551470032,-0.0122061928762383,-0.0125070420594773,-0.0125128026539859,-0.012064139835846,-0.0109575305784572,-0.0089950627031246,-0.00612607600399309,-0.00272899433523908,-1.22668073788912e-17
0,0.00352889941472624,0.00714486361340034,0.00990379056209284,0.011641132168828,0.0125174581679685,0.0127818924482812,0.0126598837112333,0.0123138089243015,0.0118432493273086,0.0113018863335982,0.0107158926942595,0.0100973816492702,0.00945222782778705,0.00878387692411044,0.00809491833494194,0.00738761887324752,0.00666404858257837,0.00592607913790994,0.00517536145307154,0.00441331702477963,0.0036411491158154,0.002859871397987,0.00207034908313856,0.0012733487377568,0.000469593945616787,-0.000340174495485831,-0.00115513450449101,-0.00197431460135958,-0.00279652088906231,-0.0036202572369219,-0.00444363564983161,-0.00526427304170756,-0.00607917057441577,-0.00688457219320843,-0.00767579621015279,-0.00844701637238973,-0.00919090860642818,-0.00989792474219353,-0.0105546413625786,-0.0111401580317438,-0.0116191152273784,-0.0119302313011889,-0.0119713873913382,-0.0115870984720457,-0.0105722985199653,-0.00871886771854071,-0.00595644554970236,-0.0026445553211669,6.12849933792816e-18
-9.36873854621988e-18,0.00352702191062695,0.00708235111637407,0.00974094676784141,0.0113738330369467,0.0121628835021841,0.0123651420604663,0.0122056885788053,0.0118424521217452,0.0113697301482907,0.0108367883862915,0.0102666455823158,0.00966927074138925,0.00904904336826109,0.00840831264824568,0.00774884012962218,0.00707227257554738,0.00638023295583574,0.00567429133180466,0.004955916774276,0.00422644572616369,0.00348707320537362,0.00273886481019107,0.00198278331361651,0.0012197251396322,0.000450562439960956,-0.000323811383390575,-0.00110243431013964,-0.00188422676006248,-0.00266794046734403,-0.00345210288883602,-0.00423495296148201,-0.00501436218188845,-0.00578773383518168,-0.00655187342390385,-0.00730282271587357,-0.00803563993368207,-0.00874406450669806,-0.00941987393712385,-0.0100514442391317,-0.0106205192424248,-0.0110956484502846,-0.0114208160306034,-0.0114996701685864,-0.0111806850552996,-0.0102573327979021,-0.00851081130902949,-0.0058487511619372,-0.00260448880253922,-6.12343480921552e-18
3.12483099222649e-18,0.00355198093899425,0.00705722138809627,0.00962119530381846,0.0111532174946908,0.0118572998572001,0.0119985603945324,0.0118015070256245,0.0114195080078223,0.010941761472987,0.010413520382651,0.0098550989110362,0.00927469537554054,0.00867544738478148,0.00805874797065062,0.00742558584925706,0.00677698696756255,0.00611409406373754,0.00543812629099341,0.00475031486473537,0.00405185327298822,0.00334386995077493,0.00262742358179539,0.00190351418528726,0.00117310534425756,0.000437151976945584,-0.000303368849579734,-0.00104742651124357,-0.00179390515575241,-0.00254157125368298,-0.00328903752931494,-0.00403471810642038,-0.0047767671182489,-0.0055129912777874,-0.00624072703959654,-0.00695667409392267,-0.00765667290870826,-0.00833538374638475,-0.00898571644495867,-0.00959758665478667,-0.0101550514379015,-0.0106302093078652,-0.0109720372447769,-0.0110899097033763,-0.0108364784060821,-0.0100039929455953,-0.00836268605213592,-0.00579614453080039,-0.00260469397946487,-6.11829275358295e-18
-3.12671266127881e-18,0.00359525753998975,0.00705668584016471,0.00952989768689786,0.0109643182048548,0.0115865263638297,0.011669471250299,0.0114365009254843,0.0110360182848998,0.0105521179924814,0.010026334769618,0.00947668195107554,0.00890996604178965,0.00832837746899409,0.00773255257823403,0.00712282160025529,0.00649963713378766,0.00586366118263549,0.00521573091511896,0.00455679121731997,0.00388783610631971,0.0032098679548606,0.00252387862167371,0.00183084545132873,0.00113173910034112,0.000427536528520712,-0.000280762798271483,-0.000992120740947938,-0.00170544426007884,-0.00241956874610355,-0.0031332373688953,-0.00384507063288739,-0.00455351706115317,-0.00525677396959224,-0.00595266717607066,-0.00663848108234032,-0.0073107309526972,-0.00796485119378033,-0.00859468680848114,-0.00919142932660875,-0.00974111425014592,-0.0102190298293071,-0.0105788957008041,-0.010735855540515,-0.0105471399877655,-0.00980427920041773,-0.00826651707617247,-0.00579163188535021,-0.0026406541055256,0
0,0.00365067881887554,0.00707348712720393,0.00946048650733671,0.0108018052062106,0.0113465532930465,0.0113749452260718,0.0111084148832924,0.0106900028217275,0.0101988041078032,0.00967305788330427,0.00912898564120809,0.00857245183302558,0.00800503390477526,0.00742682660051088,0.006837615484069,0.00623731752986511,0.0056260995074565,0.00500437068875534,0.00437272723285152,0.0037318952607415,0.00308268214031961,0.00242594637924893,0.0017625790546785,0.00109349724140489,0.000419641720020123,-0.000258021271751036,-0.000938498427222349,-0.0016207666996194,-0.00230376950594332,-0.00298640729004231,-0.00366751645330049,-0.00434582661468233,-0.00501988484077199,-0.00568793497102717,-0.00634774454331887,-0.00699637479308453,-0.00762988151711173,-0.00824286592301387,-0.00882757934869576,-0.00937177329176645,-0.0098536482424671,-0.0102314954091497,-0.0104263632505794,-0.0103006151777125,-0.00964579736623189,-0.00821039674727671,-0.00582492406722591,-0.00270559894634299,1.22161895700433e-17
1.25210466759454e-17,0.00370661062745635,0.00709084934518343,0.00939368987330554,0.0106456031224079,0.011117858004735,0.0110969603745545,0.0108012755773918,0.0103677615032042,0.00987036304177336,0.00934425254855589,0.00880424605099587,0.00825567196830528,0.00769985391753494,0.00713662934936075,0.00656543866881981,0.00598578144534103,0.00539737765828956,0.00480020478116332,0.0041944710905145,0.00358057593438372,0.00295906380576779,0.00233059047856914,0.00169589347084459,0.00105577316175072,0.000411075761420644,-0.000237318652471768,-0.000888508367213724,-0.00154157927782158,-0.00219561185348293,-0.00284967995334366,-0.0035028360620454,-0.0041540719744272,-0.00480224423563692,-0.00544595173681772,-0.00608335961647658,-0.00671196704839728,-0.00732831862949508,-0.00792760515689431,-0.00850291865217091,-0.00904343775852891,-0.0095299424543809,-0.00992504933763034,-0.0101557982549858,-0.0100902971991226,-0.00952105117540603,-0.00818630241363995,-0.00588816960614054,-0.00279351495250803,6.10317753158377e-18
0,0.00375503713913727,0.00709944911216421,0.00932071297909983,0.0104879738166204,0.0108938149544066,0.0108297480292195,0.0105098130449016,0.0100642301491007,0.00956176297199218,0.00903484408226695,0.00849732871719152,0.00795444271269206,0.00740762549249207,0.00685674552506192,0.00630110095700092,0.00573989715241102,0.00517246177559818,0.00459834200235013,0.00401732206148218,0.00342941544105034,0.00283483260621907,0.0022339519223739,0.00162728404280463,0.00101544419398695,0.000399121968726845,-0.000220942804321075,-0.000843985039778299,-0.00146923363383356,-0.00209592705667767,-0.0027233173113971,-0.0033506582803696,-0.00397716627913627,-0.00460194427919117,-0.0052238567400754,-0.00584135278654467,-0.00645223677364836,-0.00705339701053266,-0.00764045865317607,-0.00820718127175459,-0.00874396399533445,-0.00923393810408434,-0.00964390497513444,-0.00990709300313716,-0.0098981383109232,-0.00941173365974942,-0.00817672361911697,-0.00596604887110406,-0.00289374933390746,0
-3.13347643545713e-18,0.00378222851562427,0.00707918274039833,0.00921800206711302,0.0103038602611493,0.0106494093089949,0.0105494752541952,0.0102121761426466,0.00976004384826016,0.00925633240283304,0.00873077479690548,0.00819648274777965,0.00765888131842434,0.00711986366875863,0.00657966372546154,0.00603773172223439,0.0054932080963106,0.0049451815672396,0.00439285026691525,0.00383559519779294,0.00327302070075762,0.00270495090523304,0.0021314188437987,0.00155263411332054,0.000968953399919874,0.000380841267757045,-0.000211162808209621,-0.000806480118853616,-0.00140451971545862,-0.00200470100384887,-0.00260646094595228,-0.00320924451878609,-0.0038124643523312,-0.00441542442196462,-0.00501719318508188,-0.00561642825853914,-0.00621115076737555,-0.00679849010705811,-0.00737437967279626,-0.00793307652287074,-0.00846595746501598,-0.00895818818431877,-0.00938046894144727,-0.00967224896056266,-0.00971540122331766,-0.00930817419691839,-0.0081711961194085,-0.00604789577707533,-0.00299745084225776,-2.43756683751154e-17
6.26999094045512e-18,0.00378025513992767,0.00702037337490234,0.0090760622086594,0.0100845256570428,0.0103765783195102,0.0102483792647402,0.00990057126284638,0.0094472429849228,0.00894598622362399,0.00842396181176846,0.00789376157537256,0.00736127012525708,0.00682911591389574,0.00629818487032657,0.00576834778615397,0.00523890845691677,0.00470888971839213,0.00417725337843339,0.00364303237429162,0.00310542845335971,0.00256384852383378,0.00201792400058173,0.0014674920781898,0.000912573469213448,0.000353330778983572,-0.000209967791791188,-0.000776990878776957,-0.0013473749673229,-0.00192075112660237,-0.00249675235291671,-0.0030750038869986,-0.00365507968019885,-0.00423642497278408,-0.00481822838913894,-0.00539925222827444,-0.00597761735820426,-0.00655057358303132,-0.00711424462431356,-0.00766326593407378,-0.00818985140112141,-0.00868102512038074,-0.00911124510583522,-0.00942633794452579,-0.00951627581557316,-0.00918452583998408,-0.00814512423604048,-0.00611215206575878,-0.00308936318496564,1.82687135930241e-17
9.40950096870516e-18,0.00373617487461754,0.0069025627743691,0.00887007658739668,0.0098030082715576,0.0100477564786397,0.00989943352604286,0.00954945473656493,0.00910252746299007,0.00861016077436839,0.00809674690751598,0.00757428003314771,0.00704914494917363,0.00652487159928916,0.00600326431641234,0.00548493384549509,0.00496966826588933,0.00445670713083757,0.00394499587889459,0.00343336832250625,0.00292070430855349,0.00240601598619441,0.00188851029469639,0.00136759718907027,0.000842886764238477,0.000314155524196697,-0.000218684623450784,-0.000755628766248782,-0.00129660836288987,-0.0018415180722875,-0.00239022016727544,-0.00294253358479639,-0.00349818736449512,-0.00405674446648545,-0.00461747608149952,-0.00517920175696589,-0.00574008764676224,-0.00629744230201422,-0.00684750326125837,-0.00738517261401087,-0.00790331833420341,-0.00839053707493084,-0.00882470972389727,-0.00915793133556693,-0.00928890897726023,-0.00902802073730184,-0.00808476252637859,-0.00614481790495799,-0.00315790508958636,6.08535182847192e-18
-6.27606264213035e-18,0.00364554368054182,0.00671936075265343,0.00859357007313331,0.00945337570687512,0.00965716862396909,0.00949636296531902,0.00915162987601367,0.00871773348516983,0.00823997248835792,0.00773991662540602,0.00722889486095414,0.00671375171174647,0.00619895873274998,0.00568737552781331,0.00518057142208342,0.00467908349499969,0.0041826412909452,0.0036904213220722,0.00320125750788106,0.00271384610708062,0.00222688057543972,0.00173916208532434,0.00124964503060766,0.000757465178652541,0.000261926347991521,-0.00023751390472979,-0.000741276194693344,-0.00124967811985625,-0.00176295361462864,-0.00228124829102537,-0.00280460268168688,-0.00333289983008648,-0.00386578982575988,-0.00440256869276579,-0.00494203430183991,-0.0054823081744448,-0.0060206696509462,-0.00655339647364353,-0.00707559931575935,-0.00758073718858496,-0.00805887086193268,-0.00849115894940484,-0.00883599337246728,-0.00900155089978722,-0.00880704700356245,-0.00796006386858946,-0.00611979112939087,-0.00318519440522638,-6.08116746020652e-18
1.25584986728641e-17,0.00350009606361987,0.00645465635319117,0.00822556408641086,0.00901211162702288,0.00918008574049676,0.00901416010994754,0.008682712996883,0.00826996079394576,0.00781468902811131,0.00733532328038066,0.00684217901804367,0.00634228357402438,0.00584092305220631,0.00534205411453391,0.00484839290803101,0.00436151037450678,0.00388195591416861,0.0034094625694275,0.00294315105281007,0.00248175797318389,0.0020238104429338,0.00156778354760543,0.00111219120513683,0.000655656241628505,0.000196931921501976,-0.000265081819670922,-0.000731345722065203,-0.00120267756591584,-0.00167975364235618,-0.00216308770638611,-0.00265300365517112,-0.00314957635684989,-0.00365255878803826,-0.00416127078827346,-0.00467447666069333,-0.00519023676621166,-0.00570578174848763,-0.00621740334131163,-0.00672036955575113,-0.00720861723354806,-0.00767343975818361,-0.00809890929168056,-0.00844940938426153,-0.00864294683179057,-0.008509358781829,-0.00775747662815289,-0.00602334278068205,-0.00316077534555292,1.21538083558298e-17
9.42391147661813e-18,0.00330206613970746,0.0061093725356365,0.00776686879691034,0.00848040314832237,0.00861734882794942,0.00845234871570944,0.00814031839229016,0.00775482525430962,0.00732823763376582,0.00687576844278862,0.00640647421664916,0.00592725900534633,0.00544396930690218,0.00496152069423844,0.00448377921944994,0.0040134804260622,0.00355222102223042,0.00310056849743464,0.00265821682561889,0.00222419911207989,0.0017970781984764,0.00137513624628387,0.000956509982305283,0.000539307704279715,0.00012167842444773,-0.00029812733011781,-0.00072172378403574,-0.00115054920021383,-0.0015858352890948,-0.00202855903364902,-0.00247939586556277,-0.00293864919924019,-0.00340617822478827,-0.00388130019741537,-0.00436269667174465,-0.00484830845178877,-0.00533526534833792,-0.00581984501273389,-0.00629747515129985,-0.00676258792612715,-0.00720768479209758,-0.00761962399994883,-0.00796865044798167,-0.00818300465590249,-0.00810502695840831,-0.00744865242787195,-0.00583175832893734,-0.00307057959426478,1.21448965464966e-17
-3.14307150515786e-18,0.00305051331221321,0.00567588133916199,0.00720501517290036,0.00784295124484038,0.00795189038663646,0.00779286088896517,0.0075061499807691,0.00715458074936282,0.0067640803756954,0.00634641198143453,0.0059089680868898,0.00545808527507396,0.00499979804070564,0.00453973926067154,0.00408283680305368,0.00363304596075967,0.00319318311022487,0.0027648979406066,0.00234873998489273,0.00194431427904454,0.00155045858825248,0.00116544311532079,0.000787142263627619,0.00041319782265632,4.11448491449291e-05,-0.000331471095582247,-0.000707003007601595,-0.00108761020897321,-0.00147518110636946,-0.00187124801968978,-0.00227691300099074,-0.00269276455773629,-0.00311880670146998,-0.00355438115128323,-0.00399810769994321,-0.00444783008013206,-0.00490060229071811,-0.00535271326304121,-0.00579976044219235,-0.00623663460594796,-0.00665689480761761,-0.00704985338238601,-0.00739116698279608,-0.00761925378797632,-0.00759055345998024,-0.00702849947814469,-0.00553986629964294,-0.00291288975792276,0
-3.14490473714591e-18,0.0027551227147226,0.00516440722454094,0.00655000720670241,0.00710964099602653,0.0071926509316417,0.00704282964162125,0.0067849247185592,0.00647129612952927,0.0061217947580227,0.00574481954237615,0.0053459310987911,0.00493056928983342,0.00450456442781773,0.00407389521173741,0.00364426356017231,0.0032206753913304,0.00280712700075117,0.00240642363874792,0.00202012762139592,0.00164861746647162,0.00129121673945759,0.000946373060666417,0.000611848459271195,0.00028491871847874,-3.74426931592833e-05,-0.000358385201969059,-0.000681021319063412,-0.00100827167064181,-0.00134272839509153,-0.00168652396077058,-0.0020412211036318,-0.00240771335320914,-0.00278615281009753,-0.00317589570437714,-0.00357548134484516,-0.0039826399944048,-0.00439434719853296,-0.00480692998604757,-0.00521621968483456,-0.00561765770787959,-0.0060059308184598,-0.00637276724412996,-0.00669903300904259,-0.00693338327957549,-0.00694804537933447,-0.00648082648665393,-0.00513664970827471,-0.00268584857731338,2.4250785893643e-17
0,0.00242232562013076,0.00457746808313582,0.00579905809949391,0.00627414531583901,0.00633114192183728,0.0061926211204822,0.00596669466646002,0.0056952269674477,0.00539217336254469,0.00506257133560632,0.00470996641432118,0.00433860245310887,0.00395374159624982,0.00356132904318298,0.00316749561177213,0.00277802357037548,0.00239791217271228,0.00203104728199302,0.00168002482581334,0.00134609044768926,0.00102919633736328,0.000728131322634051,0.000440710172178924,0.000163992310174655,-0.000105482937760054,-0.00037145826702579,-0.000637727207754934,-0.000907913465377916,-0.00118527074663773,-0.00147250303148053,-0.00177161772949116,-0.00208381090033048,-0.00240939670289276,-0.0027477788477886,-0.00309747046508968,-0.00345616173416565,-0.00382083650445279,-0.0041879469376702,-0.0045536275054156,-0.00491389585461029,-0.00526450990966757,-0.00559938806842193,-0.00590418382344266,-0.00613766745835257,-0.00618922777491198,-0.00581644265793576,-0.00463405996798982,-0.00240275668809652,1.21149146958233e-17
0,0.00206760089776746,0.00393299413408218,0.0049682893177642,0.00535089341285625,0.00538111611960647,0.00525504444698993,0.00506277645848807,0.00483566028292545,0.00458211710953292,0.00430419930938913,0.0040036151123966,0.00368337486484171,0.0033479476087886,0.00300288061744277,0.00265429225389119,0.00230829268133429,0.00197048460149935,0.00164552490328234,0.00133684158055959,0.00104645631823465,0.0007749569246541,0.000521559954555224,0.000284277176977696,6.01331624556225e-05,-0.000154565519572047,-0.000363948251989974,-0.000572288165017828,-0.000783725601495866,-0.00100201015422151,-0.00123027971010721,-0.00147087940260885,-0.00172523625185488,-0.00199378891172217,-0.00227598595568143,-0.00257034160402871,-0.00287456130307622,-0.00318571471731068,-0.0035004758257773,-0.00381539313886971,-0.00412717843318934,-0.0044327497270428,-0.0047282103211133,-0.00500398147011298,-0.00522915113580301,-0.00531191103252868,-0.00503683785785349,-0.00404056183606292,-0.00207789169921904,1.81565893074184e-17
0,0.00170388970329006,0.00323896136075975,0.00405960601285863,0.00433800191920754,0.00434055213723788,0.00422946694304806,0.00407378821438768,0.00389410179156863,0.00369358016950063,0.00347171250672849,0.00322871617931822,0.00296652323880885,0.00268875926135574,0.00240034816417394,0.00210702484410022,0.00181477313849674,0.00152931318973538,0.00125562248321512,0.000997584416386994,0.000757733344347324,0.000537150122733702,0.000335463075974779,0.000150974902916708,-1.9136685438681e-05,-0.000178542024542319,-0.000331457611493092,-0.000482317881707485,-0.000635467673148119,-0.000794865230226355,-0.000963842075408481,-0.00114489768128309,-0.00133957982904095,-0.00154841315429748,-0.00177093062293909,-0.00200574880634788,-0.00225074217016326,-0.0025032386131718,-0.00276029774273939,-0.0030189910974314,-0.00327673257571807,-0.00353146045724353,-0.00378120922539701,-0.00402086691612773,-0.0042296517210473,-0.00433742935268138,-0.0041652036141849,-0.003382636362832,-0.00174085328925706,1.20945991923649e-17
-3.15149981223857e-18,0.00135882558078825,0.00251113766777703,0.00308366625355908,0.00325060596263859,0.00322893608347447,0.00313854796818685,0.00302325646661382,0.00289286921345683,0.00274650766393238,0.00258213950853928,0.00239924760493752,0.00219915278646312,0.00198481431220807,0.00176043261017845,0.00153104663738605,0.00130202876129773,0.00107865283715578,0.000865624541597428,0.000666752040872485,0.000484644988096109,0.000320589103625275,0.000174484659038271,4.49471716058553e-05,-7.05358599659861e-05,-0.000175339674362799,-0.000273417328685327,-0.000368972148021494,-0.000466150132966718,-0.000568744949167618,-0.000679953124689068,-0.000802181060803699,-0.000936923787558954,-0.00108471918528425,-0.00124518343838322,-0.00141712109025669,-0.00159870279514192,-0.00178768696992216,-0.00198168109328392,-0.00217841250849866,-0.00237602960235567,-0.00257338005898769,-0.00277004575488379,-0.0029645660607605,-0.0031462438982756,-0.00327078865981509,-0.00320518997605179,-0.00267588155842387,-0.00143089356868735,1.20860582831098e-17
-3.1526554478681e-18,0.00104871210881071,0.00174368308610296,0.00203679144424055,0.0021036067783551,0.00207126073822807,0.00201008758303603,0.00193937898873643,0.00185925800599641,0.00176664012891224,0.0016594325190275,0.0015372308217019,0.00140122140658297,0.00125392476583599,0.00109880751525575,0.000939995166276285,0.000781842733341811,0.000628649014013432,0.000484247738077322,0.000351786154801551,0.000233431984775047,0.00013029307812813,4.23167601511799e-05,-3.1613260053033e-05,-9.35801989093637e-05,-0.000146398449607927,-0.000193387959558096,-0.000238086280565274,-0.000283988740483638,-0.000334295138527281,-0.000391696956864221,-0.00045822368416626,-0.000535136288414504,-0.000622914813349413,-0.000721290173490793,-0.000829375252707155,-0.000945814569428657,-0.00106899738904447,-0.0011972490643966,-0.00132903681282176,-0.0014631600977654,-0.00159895566719129,-0.00173645875303577,-0.00187620546722519,-0.00201639810151987,-0.00213672032951972,-0.00215765477147841,-0.00191846669967632,-0.00117277511616035,-1.20788161165159e-17
-1.5761302128095e-17,0.000672011530545688,0.000898469997894202,0.000955819611952004,0.000964319511341501,0.00094466612594293,0.000918585495523521,0.000889934659132356,0.000855113454466915,0.000811598660442064,0.000758391338867048,0.000695622405734266,0.000624414180979868,0.000546668297555602,0.0004648567126836,0.000381717705143022,0.000300095627517737,0.000222642114867911,0.000151712046743491,8.91179192152279e-05,3.60917399677382e-05,-6.85858551627324e-06,-3.9904290738861e-05,-6.39031790708133e-05,-8.02788449978047e-05,-9.09025959905175e-05,-9.79432470795496e-05,-0.000103670106610786,-0.000110334575284595,-0.000119946498776002,-0.000134238001066977,-0.000154457947308549,-0.000181451165520554,-0.000215508253983571,-0.000256567056063674,-0.000304131573224548,-0.000357548859809787,-0.000415964328850471,-0.000478572028305169,-0.00054456134743679,-0.000613270186025437,-0.000684138488050728,-0.000756761516483354,-0.000831563524845899,-0.000909988606307058,-0.000985944842616949,-0.00103288366872832,-0.00102519419803486,-0.000799996570066762,-6.04005925379924e-18
-1.57478730396761e-17,-1.57620301885369e-17,-3.15429899060457e-18,-9.46495080806799e-18,6.31101144175059e-18,3.15575814768694e-18,9.46702331680453e-18,0,1.57725553899205e-17,9.46015980865112e-18,0,6.29995244124723e-18,6.29535242742686e-18,6.28995016084047e-18,-3.14187302159078e-18,1.56918736582755e-17,-1.25379647611568e-17,-3.13024127206405e-18,-3.12565230713015e-18,1.24830389725905e-17,1.24624226889271e-17,1.5551184432073e-17,0,-1.23962091390372e-17,3.09333428481273e-18,-1.85255670327415e-17,-1.23275043953194e-17,9.22865853665094e-18,6.14132592596958e-18,6.13048614182004e-18,-3.05999556966832e-18,1.83297343452391e-17,-3.05015847708721e-18,6.0912757813393e-18,0,1.21502052292344e-17,6.06807167822959e-18,6.06178705595801e-18,-6.05625629964782e-18,-6.05146559496984e-18,6.0473823718775e-18,-1.81318870435523e-17,-6.04115884212833e-18,1.20778605606613e-17,-1.8111842334702e-17,6.03633064985375e-18,-6.03604084529355e-18,0,0,2.41858485793621e-17
